,,manual,manual,,,,,,manual,,,,,,,,manual/ tally,manual/ tally,,,,SALE-2025-2026,,,,,,,,,,,,SALE-2024-2025,,,,,,,,,,,,SALE-2023-2024,,,,,,,,,,,,SALE-2022-2023,,,,,,,,,,,,SALE-2021-2022,,,,,,,,,,,
,,ANNUAL,,,,,,,,,,%,%,%,%,%,JUNE 26-27,JUNE 26-27,MAY 26-27,MAY 26-27,APRIL 26-27,MARCH 25-26,FEBRUARY 25-26,JANUARY 25-26,DECEMBER 25-26,NOVEMBER 25-26,OCTOBER 25-26,SEPTEMBER 25-26,AUGUST 25-26,JULY 25-26,JUNE 25-26,MAY 25-26,APRIL 25-26,MARCH 24-25,FEBRUARY 24-25,JANUARY 24-25,DECEMBER 24-25,NOVEMBER 24-25,OCTOBER 24-25,SEPTEMBER 24-25,AUGUST 24-25,JULY 24-25,JUNE 24-25,MAY 24-25,APRIL 24-25,MARCH 23-24,FEB 23-24,JAN 23-24,DEC 23-24,NOV 23-24,OCT 23-24,SEP 23-24,AUGUST 23-24,JULY 23-24,JUNE 23-24,MAY 23-24,APRIL 23-24,MARCH 22-23,FEB 22-23,JAN 22-23,DEC 22-23,NOV 22-23,OCT 22-23,SEP 22-23,AUG 22-23,JULY 22-23,JUNE 22-23,MAY 22-23,APRIL 22-23,MAR 21-22,FEB 21-22,JAN 21-22,DEC 21-22,NOV 21-22,OCT 21-22,SEP 21-22,AUG 21-22,JULY 21-22,JUNE 21-22,MAY 21-22,APRIL 21-22
S.No.,Party Name,TOTAL BUSINESS POTENTIAL,NEWBIZ/CCARE,,FREIGHT,RAZOR BLADE,UPGRADE,BRAND,FORCAST JUNE,LAST VISIT DATE,Phase1            Rate Increase,Dr. Bio,Plastic/Albar/Metbar/HDPE,Oil,Paper,Desiccant ,SALE,PENDING,SALE,PENDING,SALE,SALE,SALE,SALE,SALE,SALE,SALE,SALE,SALE,SALE,SALE,SALE,SALE,SALE,SALE,SALE,SALE,SALE,SALE,SALE,SALE,SALE,SALE,SALE,SALE,SALE,SALE,SALE,SALE,SALE,SALE,SALE,SALE,SALE,SALE,SALE,SALE,SALE,SALE,SALE,SALE,SALE,SALE,SALE,SALE,SALE,SALE,SALE,SALE,SALE,SALE,SALE,SALE,SALE,SALE,SALE,SALE,SALE,SALE,SALE,SALE
,Total,60.30,,,,,,,120.00,,,,,,,,71.75,27.19,180.85,7.78,195.06,156.60,135.78,139.09,145.38,145.60,116.64,125.62,116.00,125.35,126.05,114.81,106.38,112.31,112.04,112.49,112.14,101.91,110.23,100.04,111.41,109.94,107.01,95.93,86.82,99.15,99.00,105.03,89.17,86.32,97.08,101.64,102.11,117.71,98.78,96.08,97.31,93.10,95.92,96.87,91.27,88.23,87.45,97.70,95.59,106.71,85.90,85.46,83.92,82.27,82.61,84.43,89.88,84.47,84.90,87.94,82.90,89.88,75.86,74.80,85.16
1,Mahabal Metal ,25.00,CCARE,purchase.metal@mahabal.in,To Pay,NO,NO,RUSTX+DR. BIO,20.00,7.8.2025,yes,10,20,20,,,9.54,11.13,23.00,,27.89,24.73,20.61,19.99,20.12,18.66,14.23,19.05,14.51,16.62,20.41,14.38,21.87,21.69,19.83,15.23,14.40,21.57,16.05,17.23,15.87,16.19,16.34,15.20,14.56,13.82,14.96,16.75,14.78,14.43,15.50,14.31,12.15,16.58,14.53,12.89,19.42,13.99,17.44,16.89,11.36,18.20,12.74,10.68,11.70,18.21,13.34,16.74,9.77,10.83,8.40,8.71,10.28,8.72,7.67,11.75,9.10,10.39,10.41,7.95,10.29
2,HARIOM TECH,30.00,CCARE,,Nil,,,RUSTX,20.00,12.8.2025,yes,,,22/20,,,16.39,,16.74,,18.78,21.69,14.93,14.18,15.39,14.08,15.24,13.12,12.04,12.61,11.78,11.04,9.93,14.20,12.93,12.97,13.46,11.61,11.40,12.95,13.73,13.78,12.78,14.31,10.88,12.62,9.21,12.37,12.45,11.78,12.99,15.78,15.46,16.35,12.75,12.40,11.27,12.21,12.98,11.03,12.86,13.40,,,,,,,,,,,,,,,,,,,
3,Maurya Industries ,25.00,CCARE,kiran.kulkarni@mauryagroup.co.in,Nil,YES,NO,RUSTX,5.00,1.8.2025,yes,,22,,,,5.57,,9.08,,6.21,6.03,3.73,4.71,8.41,7.28,4.52,6.70,4.27,4.26,6.07,4.65,4.76,3.70,5.12,4.82,3.71,3.96,8.91,7.46,5.86,7.18,7.36,6.27,6.12,4.84,5.85,5.71,7.20,3.34,3.97,5.16,4.22,3.81,4.49,5.86,5.58,8.26,5.73,6.16,5.93,3.65,3.87,4.98,6.98,7.35,5.81,4.04,6.77,6.38,3.44,4.91,4.46,3.97,7.50,2.69,5.00,3.18,5.19,9.36,5.58
4,PRESAGE INDUSTRIES,2.00,CCARE,,Nil,,,RUSTX,5.00,13.8.2025,yes,,,20/15,,,7.02,2.22,5.56,,4.69,2.35,4.56,2.45,5.13,8.50,,8.24,3.85,3.79,3.57,7.30,4.70,4.31,1.07,6.49,6.41,7.04,7.61,4.00,4.60,5.74,4.81,3.60,1.57,2.93,4.76,0.84,1.67,3.85,2.03,2.81,3.82,3.43,1.44,,0.10,,0.32,,0.47,,0.17,,,,,,,,,,0.24,0.24,,,,,,,
5,SHANTI FOUMACH PRIVATE LIMITED,10.00,CCARE,"purchase@shantifoumach.com, asst.purchase@shantifoumach.com",To Pay,NO,NO,RUSTX,4.00,9.8.2025,yes,,22,,,,1.75,,4.62,0.45,5.29,4.18,4.00,5.10,5.20,5.04,4.27,5.15,5.75,5.30,4.62,3.63,3.74,2.81,3.56,2.56,1.93,3.38,2.46,1.41,2.05,2.36,0.98,1.50,1.50,2.49,1.69,2.00,0.71,1.51,1.63,1.36,2.43,1.80,2.90,2.53,1.86,2.49,1.86,2.05,2.29,2.14,1.48,1.95,2.08,3.68,2.35,2.34,2.14,4.57,4.26,3.13,2.81,3.08,2.05,3.63,2.67,3.40,1.70,2.87,2.60
6,MALATI FOUNDERS PVT. LTD. ,5.00,CCARE,,Nil,N,N,Dr. Bio,4.5,17.7.2025,,,,,,,,1.71,2.79,,2.94,,5.19,6.38,4.01,3.37,2.40,3.88,1.16,3.27,3.40,2.64,2.4,2.24,3.59,3.15,3.24,1.19,,,,,,,,,,,,,,,,,,,,,,,,,,,,,,,,,,,,,,,,,,,
7,VERSATILE ENGG,15.00,CCARE,naeem.patel@versatilegroup.co.in,Pay & Charge,YES,YES,RUSTX,4.00,3.8.2025,yes,,22,22/20,15,,1.76,,6.23,7.31,6.40,4.20,3.83,5.09,5.81,5.34,4.92,4.00,4.33,4.61,3.53,3.62,2.95,4.20,5.16,3.18,3.75,4.18,4.15,3.60,4.84,2.87,3.90,5.61,6.27,4.67,5.93,4.42,4.09,3.35,5.55,6.45,5.14,6.52,5.96,4.63,4.23,4.10,5.73,4.57,4.21,4.12,6.76,2.76,5.24,2.41,3.17,5.51,5.59,5.77,7.33,3.40,5.08,5.95,7.40,7.06,4.91,4.93,1.53,5.41,4.41
8,Marvelous Mechinist,10.00,CCARE,purchase@marveloussmechinist.com,Pay & Charge,NO,NO,RUSTX,3.00,12.8.2025,yes,,22,20,,18,1.42,,3.33,,3.89,3.81,0.84,1.96,2.30,0.84,3.15,1.74,2.11,4.86,4.08,2.77,2.29,2.99,4.21,4.44,3.12,1.90,1.86,1.81,2.99,3.83,2.38,3.79,3.43,2.53,3.82,2.65,2.87,3.14,3.35,2.97,2.26,3.31,3.43,3.93,4.42,1.97,4.14,2.41,2.14,2.32,1.80,2.37,4.28,1.94,,3.03,2.15,,1.81,3.67,3.10,2.65,3.15,2.90,2.89,2.51,4.41,2.67,3.77
9,ghatge patil industries 2,10.00,CCARE,jkpatil.vehicle@gpi.co.in,To Pay,NO,NO,RUSTX+DR. BIO,3.00,20.5.2025,yes,15,,,,,1.66,,,,8.64,5.59,1.77,3.38,4.47,1.70,5.29,2.84,1.05,4.21,4.79,3.99,2.26,4.48,1.93,5.09,5.11,2.19,2.97,3.52,4.99,4.08,1.76,1.07,3.44,3.09,4.45,5.95,2.52,1.32,4.77,2.86,1.98,3.75,0.89,2.37,2.46,4.00,2.01,2.98,3.18,2.10,1.54,2.00,2.99,2.71,1.90,2.53,2.17,3.25,2.02,2.00,2.61,1.53,1.97,2.13,1.18,1.80,,2.33,2.20
10,HARIOM ENTERPRISES - KOLHAPUR,10.00,CCARE,,Nil,,,RUSTX,2.00,26.7.2025,yes,,22,,,5,0.10,0.46,1.99,,3.43,1.01,2.00,0.71,2.24,0.94,1.40,0.53,1.34,2.42,2.55,2.83,2.64,0.84,3.51,0.43,1.43,2.73,1.87,1.34,2.97,0.48,1.24,0.90,1.36,1.89,0.90,0.99,1.72,2.53,1.93,2.23,1.89,3.76,1.73,2.35,0.68,1.27,0.75,3.40,3.72,2.84,1.27,,,,,,,,,,,,,,,,,,
11,Ratna Udyog,8.00,CCARE,cmm@ratnaudyog.com,Nil,YES,NO,RUSTX,1.00,16.8.2025,yes,,22,22/20,,,1.30,1.66,5.24,,3.41,2.56,2.03,2.16,3.23,1.61,2.84,2.77,1.88,3.54,2.52,1.86,3.24,2.23,2.15,2.81,2.71,2.20,2.72,2.67,2.44,3.64,3.03,4.10,1.92,2.30,3.33,1.48,1.21,1.32,2.02,1.22,1.62,2.17,1.98,2.51,2.13,2.30,1.92,2.30,1.01,1.56,1.18,1.94,1.11,1.68,1.34,1.26,1.41,1.07,0.85,1.35,1.13,1.65,1.74,1.29,1.38,2.00,1.47,1.70,2.07
12,Marvelous Engineering,14.00,CCARE,purchase@marvelousengineers.com,Pay & Charge,YES,NO,RUSTX,2.00,22.7.2025,yes,,22,20,,18,2.35,,2.38,,2.93,4.15,2.90,1.56,2.28,2.22,2.43,1.17,2.52,3.49,1.89,1.74,1.94,2.33,4.29,2.57,3.06,1.21,1.84,1.62,4.95,3.29,1.16,1.53,2.07,2.39,3.50,1.62,1.31,1.86,2.12,4.02,3.15,3.10,1.58,1.01,2.91,1.92,1.52,0.68,2.89,,2.65,2.01,2.03,1.82,3.19,1.93,2.48,,2.01,1.14,2.76,2.40,0.96,2.59,2.63,1.61,3.33,,2.34
13,Jinabakul pvt ltd,10.00,CCARE,purchase@jinabakul.com,Nil,NO,NO,RUSTX,1.00,2.8.2025,yes,,,,,,1.35,,2.19,,2.15,,1.67,1.14,2.24,,1.92,1.92,1.67,1.39,0.53,1.45,1.92,1.98,1.14,1.67,1.64,0.82,1.41,1.92,1.14,1.67,1.98,1.92,0.26,3.67,2.21,3.59,1.67,1.92,1.92,1.72,1.72,1.98,1.11,1.72,1.18,1.98,1.72,1.98,1.23,2.25,1.71,1.69,,1.98,0.54,1.72,,0.54,2.61,5.07,5.11,3.96,1.14,2.80,3.72,1.18,1.48,3.10,1.98
14,Ashok Iron Works,25.00,CCARE,chbmd.purchase@ashokiron.com,Nil,NO,NO,RUSTX,1.00,15.7.2025,yes,,,,,10,,,,,0.11,1.34,0.62,1.35,0.62,1.87,0.73,1.38,0.62,1.25,1.98,1.25,1.25,0.62,0.62,1.25,0.74,1.45,1.34,2.45,2.79,1.76,3.19,2.49,2.76,0.50,2.12,3.17,2.26,0.69,0.68,2.50,3.42,2.71,2.60,2.15,2.69,2.09,4.07,0.60,2.95,0.67,,3.89,3.45,5.99,4.68,3.77,3.06,3.44,1.55,2.91,3.38,2.40,3.53,2.50,4.38,3.83,2.14,1.25,7.67
15,JK MAINI CHIPLUN,5.00,CCARE,nitin.jadhav@raymond.in,To Pay,,,RUSTX,2.00,10.8.2025,yes,,,,,,,,10.01,,1.81,,1.18,1.42,,5.52,3.04,3.92,1.90,,5.74,2.37,0.54,2.93,3.66,2.10,3.18,2.88,2.00,0.79,2.84,2.24,5.38,0.94,1.90,2.36,2.94,3.29,2.18,,1.18,,,6.66,4.01,2.66,2.36,1.18,2.41,2.70,2.48,2.76,2.10,3.51,,1.12,1.60,1.49,1.19,,1.35,1.09,,,1.74,,1.13,2.62,,4.48,1.53
16,Hindalco Industries Limited ,0.00,CCARE,"kalavathi.shanbhag@adityabirla.com, atul.pol@adityabirla.com",Nil,NO,NO,RUSTX,1.50,8.7.2025,,,,,,,2.04,,2.04,,2.04,,,,1.63,2.85,1.22,,1.63,,1.63,,1.63,1.63,1.22,1.63,,1.63,2.44,1.22,1.29,1.72,1.29,1.29,1.29,1.72,0.86,1.29,,2.15,2.26,1.35,0.90,1.35,,,1.81,,1.35,1.92,1.45,1.45,,1.45,1.93,3.38,,,3.70,,1.39,3.70,0.92,1.85,2.31,2.31,,0.80,2.00,2.00,
17,Akp ferrocast pvt ltd.,5.00,CCARE,purchase@akpferrocast.com,To Pay,NO,NO,RUSTX,1.20,21.7.2025,yes,,,,,,1.67,,1.40,,1.88,1.36,,1.81,0.96,,0.74,0.87,0.78,,0.90,1.62,0.94,2.10,0.70,1.03,1.58,1.04,0.70,0.35,,1.40,1.20,,1.24,,,0.70,0.35,0.88,,1.64,0.96,1.22,1.37,,1.41,0.61,0.70,,,,,1.31,,1.13,0.56,0.57,,0.92,,,0.75,,,,0.75,,,0.32,0.34
18,SAPRE AUTO ANCILLARY ,8.00,CCARE,"purchase@sapreauto.com, quality@sapreauto.com",Nil,NO,NO,RUSTX,1.00,16.8.2025,yes,,22,22/20,,15,,,4.97,,8.73,8.54,2.26,4.28,6.53,5.34,3.79,4.86,3.19,5.24,3.09,1.49,3.22,2.42,2.37,0.87,1.90,1.80,1.52,1.11,3.02,1.19,0.90,1.49,0.26,0.56,0.59,0.30,0.37,1.21,0.41,0.39,1.37,2.37,1.40,2.14,1.45,1.41,1.62,1.30,1.79,0.99,0.97,1.38,1.95,0.67,0.60,0.40,0.58,0.79,0.66,0.38,0.46,0.96,0.77,0.47,0.71,0.55,0.75,0.90,0.44
19,COPELAND INDIA PVT. LTD.,10.00,CCARE,,Nil,,,RUSTX,1.00,4.8.2025,,,,,,,,,,,,,0.97,2.71,3.68,6.44,,,,,,0.92,2.39,1.18,3.68,3.68,3.40,0.05,,,,0.04,,,,,0.82,5.22,2.62,2.42,2.59,2.49,3.77,1.67,1.27,,2.09,1.09,2.10,0.91,1.37,1.02,1.46,1.53,,,,,,,,,,,,,,,,,
20,Mantri Metallics 1,5.00,CCARE,purchase2@mantrimetallics.com,Pay & Charge,NO,NO,RUSTX,1.00,12.8.2025,yes,,,20/22,,,1.89,,1.89,,3.21,2.77,1.97,1.48,1.97,1.48,1.47,1.90,0.99,0.99,1.48,1.65,1.86,0.99,1.97,1.48,1.95,1.48,1.53,1.44,0.94,1.41,1.72,1.41,1.41,1.30,0.94,1.82,0.94,0.94,1.36,1.41,2.24,1.41,0.94,0.94,1.77,1.82,0.94,1.36,1.30,0.94,1.41,2.77,2.76,2.06,3.21,1.38,0.82,0.88,0.42,2.23,1.62,1.55,0.84,3.03,1.52,1.36,2.85,0.42,2.24
21,GMT CORPORATION PVT. LTD. ,2.00,CCARE,,To Pay,,,RUSTX,1,14.8.2025,,,,,,,,,1.73,,,2.11,0.62,1.86,,2.05,,,0.56,1.97,0.33,0.61,1.76,,0.84,2.00,,0.16,1.42,,2.18,,,,,,,,,,,,,,,,,,,,,,,,,,,,,,,,,,,,,,,,
22,Sunil Industries,10.00,CCARE,"stores@sunilind.co.in, bap_sunilind@yahoo.com, gmo@sunilind.co.in",Nil,YES,NO,RUSTX,1.00,17.7.2025,YES,,22,,,,0.74,,1.50,,1.13,3.95,3.68,2.76,2.26,2.17,3.20,3.86,2.36,1.97,2.36,0.89,1.60,3.03,1.43,2.92,2.69,2.48,3.34,3.10,1.76,2.01,2.23,1.74,0.13,3.62,2.07,,2.83,0.62,1.56,2.56,2.14,1.00,0.51,1.03,0.73,0.50,0.33,1.42,0.41,0.91,1.16,1.01,1.07,0.69,0.15,1.18,0.35,,0.31,,0.31,0.31,,0.31,0.31,,,,0.31
23,BRIGHT SALES,7.00,CCARE,,To Pay,N,N,RUSTX,0.50,13.6.2025,YES,,22,21,,,,,1.58,,1.27,2.45,1.96,1.72,1.76,1.29,1.85,1.29,1.51,1.29,1.12,1.19,1.24,0.79,1.91,1.24,1.59,0.72,1.43,1.51,1.19,1.12,1.19,1.19,0.72,0.79,1.64,1.12,0.79,1.51,1.12,1.19,1.12,0.83,1.24,0.40,1.24,1.42,0.89,0.10,,,,,,,,,,,,,,,,,,,,,
24,Electron Engineer ,0.00,CCARE,bharatsadale86@gmail.com,To Pay,NO,NO,RUSTX,1.00,5.8.2025,YES,,22,22,10,13,0.95,0.57,1.90,,5.81,1.83,2.06,2.98,3.11,2.53,0.69,1.89,2.22,2.03,2.32,0.97,1.14,0.90,1.31,2.03,1.85,0.76,0.95,1.18,2.05,1.43,0.91,1.05,0.97,1.11,0.93,1.33,1.55,1.79,0.69,1.68,1.61,1.38,1.53,0.79,1.72,1.31,0.81,1.41,2.34,1.10,1.66,1.22,1.16,1.60,1.08,1.82,1.44,1.79,0.57,1.87,1.16,1.14,1.34,1.19,0.86,1.26,0.66,1.11,0.52
25,GRAZIANO TRANSMISSIONI (EOU UNIT) ,30.00,CCARE,chandrakant.giri@dana.com,Nil,YES,NO,RUSTX,1.00,17.8.2025,,,,,,,,2.76,1.94,,,1.38,0.97,0.56,0.77,0.58,0.30,0.03,1.10,1.59,1.11,1.52,1.10,0.72,0.42,1.52,0.19,0.99,0.57,0.26,1.73,2.21,0.78,0.19,0.92,1.85,0.42,1.20,0.91,0.39,0.42,1.66,1.29,1.53,1.22,1.15,0.14,1.18,0.43,0.90,0.42,1.34,0.19,0.90,0.19,0.76,0.38,0.46,0.17,0.19,1.19,0.57,0.63,0.77,0.05,0.61,,1.05,0.28,,0.33
26,GRAZIANO TRANSMISSIONI (DTA UNIT) ,,CCARE,,,,,,1.00,,,,,,,,,,,,,0.71,0.57,0.28,0.28,0.28,0.28,0.28,,,,,,,,,,,,,,,,,,,,,,,,,,,,,,,,,,,,,,,,,,,,,,,,,,,,,
27,SOUND CASTING UNIT 5,10.00,CCARE,,Nil,N,N,RUSTX,1.00,7.8.2025,yes,,,,,,,,1.21,,0.76,1.16,5.69,8.57,1.39,6.29,1.11,0.48,2.38,,0.29,,0.82,2.03,,2.08,1.90,1.30,,,1.03,0.79,3.33,,0.93,2.00,0.18,1.15,0.49,,1.02,,0.95,0.23,0.60,0.27,,0.29,0.18,2.59,0.21,,,,,,,,,,,,,,,,,,,,
28,KANERI INDUSTRIES,5.00,CCARE,,Pay & Charge,N,N,RUSTX,1.00,19.7.2025,yes,,24,20,,15,1.39,,3.08,,2.36,4.48,1.73,1.76,0.45,1.68,1.35,2.00,1.30,0.70,1.93,1.87,0.61,,,,2.22,1.51,0.44,0.29,1.68,1.21,0.99,,,1.23,1.31,,0.87,1.21,0.43,1.28,2.26,,,,1.20,,2.03,,,,,,,,,,,,,,,,,,,,,,
29,VALVEWORK,2.00,CCARE,"vpatil@valveworks.in, jbuchade@valveworks.in",To Pay,NO,NO,RUSTX,1.00,19.7.2025,yes,,,,,,,0.14,,,1.03,,,,0.43,,0.56,,,0.27,,,0.61,,,0.30,0.41,,,,,,0.98,,0.98,,,0.06,,,,0.35,0.39,,,,,0.56,0.58,,0.16,,0.69,,0.85,,0.45,0.03,0.91,,,,0.32,0.09,0.21,0.12,0.54,0.21,0.15,,
30,Sound casting unit 1 ,10.00,CCARE,u1.purchase1@soundcastings.com,Nil,YES,NO,RUSTX,1.00,4.7.2025,yes,,,,,,,,2.66,,2.43,0.79,0.93,0.72,1.01,0.52,1.41,0.55,0.93,0.39,1.20,0.92,0.49,0.41,0.09,0.87,1.28,1.68,0.98,0.69,0.56,0.99,1.65,1.57,0.66,1.27,1.55,0.76,1.10,1.15,1.00,,1.33,1.57,0.42,2.62,1.75,0.33,0.75,1.93,3.05,1.85,1.10,1.41,1.05,0.30,1.36,1.15,0.85,1.19,0.33,0.59,0.83,1.22,0.37,0.28,2.99,2.68,0.96,0.59,0.82
31,FORTUNATE ENTERPRISES,0.00,CCARE,,Nil,N,,RUSTX,1.00,12.3.2025,yes,,,15,,,,,0.31,,0.67,0.63,,0.94,,0.57,0.57,0.37,0.37,0.40,0.57,0.37,0.40,0.74,0.80,,0.40,1.17,0.57,,1.37,0.80,0.57,0.74,1.17,1.17,0.94,1.17,0.97,0.80,0.18,0.84,0.65,0.45,0.37,0.74,0.46,,,,,,,,,,,,,,,,,,,,,,,,
32,Kaneri Enterprisses,7.00,CCARE,kaneri.enterprises@gmail.com kaneri.industries@rediffmail.com kaneri.enterprises@gmail.com kaneri.industries@rediffmail.com amol@kaneriautoparts.com,Pay & Charge,NO,NO,RUSTX,1.00,9.8.2025,yes,,24,20,,,1.01,,6.90,,2.85,3.50,2.71,2.28,1.98,1.72,1.55,1.70,2.69,3.01,1.67,0.94,,2.23,1.29,2.82,1.77,1.57,1.93,2.97,2.48,2.50,0.52,3.15,1.92,1.00,2.84,0.16,1.53,3.24,1.84,2.09,,2.98,3.00,2.94,,1.35,0.52,1.18,1.63,2.80,,2.59,1.23,1.81,1.07,2.00,0.82,0.18,1.35,2.13,0.74,1.67,1.11,1.98,1.18,1.45,0.97,0.84,1.75
33,JK TALABOT,3.00,CCARE,Ashwini.Palande@raymond.in,To Pay,,,RUSTX,1.00,15.6.2025,,,,,,,,,,,,,,,0.47,0.24,,0.76,,1.89,0.71,,,0.47,0.52,0.35,0.52,,2.48,1.30,,,1.06,,,1.06,,,,1.06,,,,0.35,0.94,,,,1.06,,,0.71,,0.87,,,,,,,,,,,,,,1.36,,1.15,
34,MAURYA GLOBAL,0.00,NEWBIZ,,Nil,,,,1,,yes,,,,,,1.86,,3.11,,0.92,2.39,1.31,0.87,,,,,,,,,,,,,,,,,,,,,,,,,,,,,,,,,,,,,,,,,,,,,,,,,,,,,,,,,
35,GOKUL FERROCAST,7.00,CCARE,,To Pay,YES,NO,RUSTX,0.80,21.6.2025,yes,,,20,,,,,1.13,,1.04,1.04,0.38,0.87,0.87,0.87,0.87,,0.87,0.87,0.87,0.87,0.87,0.87,0.38,0.48,0.77,,0.87,1.25,1.25,0.87,0.96,,0.87,0.87,0.87,0.87,0.97,1.35,0.97,0.97,1.45,0.65,,0.17,,0.65,,,,,,,,0.24,,,0.20,,,,,,0.18,,0.18,,,,
36,JAGADEESH CASTINGS PVT. LTD. ,3.00,CCARE,,Nil,N,N,Dr. bio,0.8,18.6.2025,,,,,,,,,1.03,,,0.41,0.41,0.69,0.65,,0.49,0.55,0.69,,0.62,1.19,0.31,,0.32,,0.4,1.13,0.66,,,,,,,,,,,,,,,,,,,,,,,,,,,,,,,,,,,,,,,,,,
37,Jinabakul pvt ltd 4,2.00,CCARE,jfpl4purchase@gmail.com,Nil,NO,NO,RUSTX,0.80,13.8.2025,,,,,,,1.08,,11.31,,5.30,1.14,3.34,4.75,2.08,2.64,0.63,1.55,1.24,0.83,0.83,1.13,,1.34,0.94,0.62,,,1.35,0.67,0.46,0.94,2.02,0.88,0.62,,0.93,0.46,0.67,,0.36,0.26,,,,,0.17,0.46,,0.94,0.62,0.52,,,,,0.11,0.11,,,0.70,0.43,0.70,,0.40,0.40,0.43,,0.57,0.30,0.43
38,Fie Spherotech,4.00,CCARE,purchase@fiespherotech.com,Pay & Charge,NO,NO,RUSTX,0.75,16.11.2023,,,,,,,,,,,,,,,,,,,,,,,,,,,,,,,,,,,,,,,,0.76,0.76,0.76,1.53,1.58,1.63,1.63,1.63,0.81,0.81,1.63,0.81,0.81,0.81,1.63,1.63,0.81,1.43,0.72,0.72,0.72,0.65,0.65,0.65,0.65,0.65,0.65,0.33,0.65,0.33,0.33,
39,MAHABAL AUTO,10.00,CCARE,amirpathan@mahabal.in,To Pay,,,RUSTX,0.70,23.5.2025,yes,,,20,,,,,1.20,,1.02,2.19,0.97,1.20,0.45,2.42,0.16,1.22,1.58,1.90,0.85,1.71,1.07,0.89,1.08,0.73,1.37,0.85,2.13,1.20,1.08,1.38,2.17,1.14,0.80,2.28,1.43,2.15,1.36,0.54,2.52,0.91,1.77,1.45,0.82,0.67,1.72,1.90,1.16,2.15,0.78,1.08,1.99,1.78,1.75,0.84,1.26,1.78,1.92,0.62,1.75,0.62,0.98,0.62,1.85,1.78,0.89,1.10,0.78,1.05,1.05
40,PRABHA ENGG,4.00,CCARE,purchase.prabha@versatilegroup.co.in,To Pay,NO,NO,RUSTX,0.70,29.6.2025,yes,,,22/20,,,1.12,,1.01,,1.01,0.86,0.84,0.84,,1.68,,0.84,0.84,0.37,0.84,1.68,0.84,0.84,,1.68,0.84,0.84,0.84,0.91,0.84,1.21,0.84,0.84,,0.84,0.74,,,0.84,0.84,0.84,0.84,0.89,0.84,0.84,0.84,0.84,,0.84,,0.84,0.84,0.84,0.84,0.77,0.77,,1.08,0.72,,,0.72,,0.72,0.72,0.72,0.72,0.72,,0.72
41,PADMAVATI TECHNOLOGIES,2.00,CCARE,,Nil,N,N,RUSTX,0.70,6.8.2025,,,,,,,,,2.32,,,0.35,0.74,0.35,0.35,0.69,,0.69,0.69,0.35,0.74,0.69,0.69,0.35,0.35,0.35,0.35,0.35,0.69,0.35,0.69,1.13,0.35,0.35,0.69,0.69,0.35,0.69,0.69,0.35,0.69,0.74,0.70,0.69,,,,,,,,,,,,,,,,,,,,,,,,,,,
42,SWIFT ENTERPRISES,3.00,CCARE,seplprocurement@scfsepl.com,Pay & Charge,NO,NO,RUSTX,0.70,25.5.2025,,,,,,,0.58,,0.63,,,,0.21,,0.21,0.21,,0.21,0.21,,,0.21,,0.21,,0.21,,,0.41,,,0.52,,0.41,0.68,,0.57,0.26,0.57,0.57,,0.41,0.68,0.68,0.21,,0.68,,0.68,,0.68,,0.47,,0.68,0.68,,0.61,,0.51,0.51,,0.51,,0.58,0.42,,0.42,,,0.42
43,PADMAVATI CASTING,2.00,CCARE,,Nil,n,n,RUSTX,0.70,20.4.2025,,,,,,,,,,,0.10,,,,,,,,,,,,,,0.35,,,,,,0.35,0.35,0.39,0.35,0.35,0.69,,0.35,0.35,,0.35,,,,,,,,,,,,,,,,,,,,,,,,,,,,,,
44,ANJALI T PRECISION,7.00,CCARE,purchase@anjalitprecision.com,Pay & Charge,,,RUSTX,0.50,,,,,,,,,0.49,4.42,,2.14,2.27,3.29,,3.95,2.84,1.91,1.65,1.85,1.32,1.89,1.19,1.87,0.81,1.45,0.93,0.46,1.07,1.18,1.60,1.00,1.20,1.13,1.28,0.46,0.46,0.93,0.93,0.63,1.18,0.82,1.52,0.93,1.38,0.57,1.97,,1.13,1.62,,0.72,1.58,0.46,1.27,1.19,0.93,0.46,,,1.07,0.87,0.43,1.09,0.50,0.94,0.87,0.90,0.51,0.87,0.51,0.43
45,SOUND CASTING UNIT 2,15.00,CCARE,akash.patil@soundcastings.com,Nil,,,RUSTX,0.50,24.7.2025,yes,,,,,,,,2.11,,6.11,,5.57,1.28,2.88,1.16,1.93,1.47,1.77,2.73,1.35,1.03,1.31,0.91,2.09,1.34,0.83,0.05,0.80,0.52,0.37,0.81,0.95,0.32,0.62,0.84,0.56,2.04,0.36,0.63,0.82,0.90,1.00,0.33,2.14,2.90,1.94,1.75,1.31,2.66,1.06,1.32,0.07,1.79,1.29,2.82,2.50,1.04,0.91,1.45,1.79,1.58,0.86,1.42,3.03,3.33,2.28,2.83,2.71,1.32,1.90
46,GWP SOLUTIONS ,0.00,CCARE,,To Pay,,,RUSTX,0.5,15.1.2025,YES,,22,,,,1.32,,2.71,0.02,4.66,1.74,0.52,,1.79,0.40,0.20,,0.8,,,0.4,1.2,,0.52,0.94,0.5,,,0.42,,,,,,,,,,,,,,,,,,,,,,,,,,,,,,,,,,,,,,,,,
47,ghatge patil industries (kagal),7.00,CCARE,,To Pay,,,RUSTX,0.50,17.7.2025,yes,15,,,,,0.47,,,,3.41,1.39,0.94,2.29,1.45,0.67,1.67,0.61,0.39,1.80,1.48,1.34,0.89,0.89,,0.89,1.05,1.06,0.89,0.89,0.39,0.66,0.20,,1.68,0.88,0.81,1.10,0.51,0.51,1.68,0.69,,0.78,1.28,0.33,1.50,1.28,0.77,0.83,1.22,,4.02,3.49,3.45,2.73,1.94,2.53,,,,,,,,,,,,,
48,Sound casting unit 3,10.00,CCARE,u3.purchase2@soundcastings.com,Nil,NO,NO,RUSTX,0.50,14.8.2025,yes,,,,,,0.24,,3.32,,3.66,3.26,1.41,1.82,1.79,1.34,0.92,1.66,1.63,3.43,2.51,2.73,0.87,2.36,0.35,0.25,0.98,,1.27,2.83,2.44,1.44,1.87,2.00,1.37,2.71,1.82,1.80,1.72,1.31,1.03,0.20,1.71,3.43,4.47,1.87,1.12,5.32,1.81,3.08,1.52,1.66,1.06,0.99,1.80,1.40,1.37,0.49,0.68,1.07,0.97,1.03,0.82,0.47,0.73,0.74,0.84,0.45,0.86,0.82,0.55
49,GANGADHAR ALLOY PVT LTD,2.00,CCARE,,Pay & Charge,,,RUSTX,0.50,13.7.2025,yes,,,20,10,,0.52,,,,0.54,0.34,0.74,,0.28,0.40,0.35,0.50,0.37,0.73,0.44,,0.61,,0.28,0.40,0.25,,0.43,0.25,0.23,0.38,0.83,0.16,0.52,0.59,0.28,0.38,0.27,0.34,0.26,0.52,0.46,0.23,,0.38,0.27,0.60,0.31,0.23,0.34,0.36,,0.50,0.12,0.25,,0.25,0.35,0.33,0.47,0.24,,0.23,0.14,0.60,0.23,,,,
50,ACR MACHINE,4.00,CCARE,purchase.acr@casproindia.com,Nil,NO,NO,RUSTX,0.50,11.6.2025,yes,15,22,,,,,,0.79,,1.21,0.54,0.66,0.53,0.45,1.19,0.57,,1.21,0.46,0.38,1.18,0.56,0.55,0.87,0.58,0.70,0.48,0.94,0.37,0.10,0.70,0.30,0.82,0.53,0.83,0.33,0.66,0.52,0.32,0.28,0.64,0.44,0.43,0.32,0.41,0.12,0.16,0.51,0.64,0.49,0.42,0.27,0.39,0.33,1.04,0.38,0.14,0.56,1.07,,0.57,,0.56,0.50,0.20,0.10,0.28,0.59,0.22,0.27
51,ghatge patil industries 1,8.00,CCARE,jkpatil.vehicle@gpi.co.in,To Pay,NO,NO,RUSTX,0.50,17.8.2025,yes,15,,,,,,0.31,0.32,,7.42,1.33,0.66,1.47,0.48,1.43,0.68,0.21,0.73,0.28,0.17,1.33,0.54,1.16,,0.17,0.15,0.39,0.39,0.30,0.13,0.73,0.12,0.47,0.31,0.15,1.23,1.44,,0.06,0.56,0.24,,0.37,1.33,0.51,,0.09,1.62,1.43,0.61,0.62,0.82,1.20,0.37,1.01,0.22,0.15,0.71,1.17,0.27,0.56,0.20,0.75,0.53,,0.29,0.88,0.27,0.65,0.10
52,METCUT INDUSTIRES,,CCARE,,Nil,N,N,RUSTX,0.50,20.7.2025,yes,,22,,,,0.62,,,,0.54,0.54,0.53,,0.35,,0.35,0.35,,0.27,,,0.39,,0.39,0.39,0.34,,,,,,,,,,,,,,,0.12,,,,,0.13,,,0.13,,,,,,,,,,,,,,,,,,,,,
53,SAROJ ENGINEERS,3.00,CCARE,,Pay & Charge,n,n,RUSTX,0.5,17.4.2025,yes,,,,,,,,1.01,,0.88,0.37,0.37,,0.74,0.74,0.37,0.37,,0.37,0.37,0.37,0.37,,0.37,0.37,,0.37,0.37,,0.37,0.37,0.37,,,,,,,,,,,,,,,,,,,,,,,,,,,,,,,,,,,,,,
54,AKSHAY INDUSTRIES,0.50,CCARE,,To Pay,N,N,Dr. bio,0.50,17.6.2025,,,,,,,,,,,,0.56,,0.37,,0.28,,0.30,,0.30,,,0.32,,,0.31,,,0.30,,,,0.46,,,0.33,,,0.30,,,0.30,,,0.31,,,,0.31,,,,,,,,,,,,,,,,,,,,,,
55,Arni Mech Product Pvt ltd,10.00,CCARE,rdr@arnimech.com,To Pay,NO,NO,RUSTX,0.50,31.7.2025,yes,,,24,,10,0.35,,1.29,,0.73,0.72,0.78,1.16,0.79,0.74,0.10,0.60,1.41,0.82,1.65,0.71,0.24,0.64,0.88,0.36,,0.92,1.39,,0.10,2.01,0.78,,0.78,0.82,,0.82,0.59,,1.67,0.76,0.60,0.81,,2.06,,0.71,0.72,,1.00,0.57,,2.14,1.31,1.89,1.81,0.78,2.54,1.48,2.31,2.54,1.42,0.71,1.47,2.55,0.55,2.44,0.96,1.02,1.15
56,ADITEK,2.00,CCARE,rohan.mane@arkora.co.in,To Pay,,,RUSTX,0.50,3.7.2025,,,,,,,,,,,,,,,,0.38,,,0.05,0.31,,,0.18,,,,,,,0.22,,0.46,0.10,,0.21,,,,,0.19,0.10,0.10,,,,0.21,,,,0.21,,0.87,,1.17,,1.07,0.23,0.84,0.76,,2.14,0.74,0.60,,,,,,,,1.77
57,HYDROMTIK,6.00,CCARE,"purchase@hydromatik.co.in, anand@hydromatik.co.in, raghu@hydromatik.co.in",Pay & Charge,NO,NO,RUSTX,0.50,25.7.2025,yes,,21,,,,,1.01,,,,1.45,1.20,,1.66,1.20,1.34,,1.67,1.32,1.12,0.89,0.13,,,1.34,0.20,1.41,1.48,1.19,0.13,1.00,,1.21,0.53,0.78,0.60,0.53,0.59,0.67,0.54,1.13,0.65,0.12,0.97,0.66,0.53,0.48,0.12,0.16,0.90,0.89,,1.43,0.74,0.49,0.54,0.54,0.67,0.24,0.54,0.56,0.43,,0.58,,0.51,0.16,,0.58,
58,NEW MELTING CENTRE,5.00,CCARE,,To Pay,,,RUSTX,0.5,27.6.2025,,,,,,,,,,,,,0.32,0.64,0.64,,0.64,0.64,0.68,0.64,,0.64,,0.64,,0.32,0.09,0.09,,0.06,,,,,,,,,,,,,,,,,,,,,,,,,,,,,,,,,,,,,,,,,
59,AKP FOUNDRY,5.00,CCARE,,To Pay,,,RUSTX,0.50,21.6.2025,,,,,,,,,,,0.45,,0.30,,,,0.38,,,0.38,,0.30,,,,,0.30,,,0.30,,,0.30,,,0.30,,0.25,,0.30,,,,,0.30,,0.30,,,0.45,,,,,,,,,,,,,,,,,,,,,
60,Deshpande Automac II,2.00,CCARE,sujay.mane@autodesh.com,Pay & Charge,NO,NO,RUSTX,0.50,15.5.2025,yes,,,,,,,,,,0.49,,0.41,,0.41,,0.41,,0.41,,0.41,0.41,,,0.41,,0.41,,0.41,,,0.41,,,,0.42,,0.16,0.42,,0.42,0.16,,0.55,,0.51,,0.16,0.42,,,0.42,,0.58,,0.58,,0.16,,0.36,0.36,,0.16,0.36,,,,,0.52,0.06,
61,TECHNOVISION AUTO,1.00,CCARE,"aachandure@technovisionindia.co.in, rmkhadake@technovisionindia.co.in, ",Nil,NO,NO,RUSTX,0.50,15.12.2024,,,,,,,,,1.15,,,,0.47,,,,,0.47,,,0.47,,,,0.47,,0.47,,0.47,,0.47,,,0.47,,0.47,,0.47,0.47,,0.47,0.47,0.47,,0.47,,0.47,0.47,,,0.47,0.47,0.47,,0.47,0.47,,,,,,,,,,,,,,,
62,GAURAV MACHINE,0.50,CCARE,"gmtkop@dataone.in,gmtkop@yahoo.co.in",Nil,NO,NO,RUSTX,0.50,3.8.2025,,,,,,,,,,,1.47,,,0.87,,0.95,,,0.75,,0.59,,,,,,,,,0.72,,,0.60,,,,0.66,,,,,0.57,,,0.13,0.28,,,,,0.58,,,0.95,,,0.49,,,,0.35,,,0.10,0.51,,0.82,,0.82,,
63,Deshpande Automac,3.00,CCARE,sujay.mane@autodesh.com,Pay & Charge,NO,NO,RUSTX,0.40,5.8.2025,yes,,,20,,,,,0.98,,0.49,1.40,0.73,,1.03,0.41,0.41,1.26,0.60,0.41,0.40,0.41,0.88,0.41,0.70,0.41,0.13,0.82,0.41,0.41,0.41,0.41,0.41,0.41,0.41,,0.42,0.42,0.42,0.42,0.42,0.42,,0.84,0.42,0.42,0.42,0.42,0.42,0.42,0.42,,0.42,0.42,0.84,0.42,0.36,,0.36,0.71,0.36,0.36,0.36,0.36,0.36,0.36,0.36,0.36,0.36,0.36,0.36
64,MANTRI METALLICS UNIT III,2.00,CCARE,,Nil,N,N,Rustx,0.4,17.6.2025,,,,,,,,,,,,,,,,0.99,0.88,0.99,0.49,0.99,0.49,0.38,0.49,0.88,0.49,0.49,0.38,,,,,,,,,,,,,,,,,,,,,,,,,,,,,,,,,,,,,,,,,,,,
65,ESTEEM ENTERPRISES,0.00,CCARE,,Pay & Charge,,,RUSTX,0.40,,YES,-,-,22,,,0.55,,,,,0.55,,,,0.38,,,,0.10,0.38,,0.38,,,0.38,,,,,0.43,,0.38,0.38,,0.38,,0.38,,,,0.69,0.11,0.38,0.38,,0.38,0.38,,0.38,,0.38,,0.43,,,0.69,,,0.36,0.63,0.52,,0.37,0.36,,0.66,,0.36,,0.73
66,FUKOKU INDIA PRIVATE LIMITED,4.00,CCARE,,Nil,,,RUSTX,0.40,25.7.2025,yes,,22,20,,5,,,1.35,,1.42,1.02,0.59,2.21,1.84,1.31,2.26,3.43,5.97,2.74,0.87,0.33,0.30,0.84,0.23,0.20,0.12,0.47,1.14,1.60,,0.93,0.69,0.08,0.03,0.03,0.03,0.03,0.30,0.41,,0.51,,0.80,1.01,2.25,0.61,0,0,0.41,0.21,,,,,,,,,,,,,,,,,,,,
67,SUPER CRAFT,2.00,CCARE,kprscf@gmail.com,To Pay,NO,NO,RUSTX,0.40,17.1.2025,,,,,,,,,,,,,,,,,,,,,1.09,,,,,,,,0.73,,,,,,,,0.46,,,,,,,,0.46,,,,1.45,,,,0.46,,,,,,,,0.41,,,,,0.41,,,,,
68,EAGER STARS,0.00,CCARE,,to pay,,,RUSTX,0.40,,yes,,22,,,,,,,,,0.67,1.09,0.44,,0.54,1.2,1.09,0.87,0.87,0.87,0.88,,0.39,0.49,,,,,,,,,,,,,,,,,,,,,,,,,,,,,,,,,,,,,,,,,,,,,,
69,SAI ENGINEERING ENTERPRISES,0.00,CCARE,,Nil,,,RUSTX,0.40,13.6.2025,yes,,,20,,,,,0.98,,0.49,0.90,0.41,0.82,0.82,0.41,0.87,0.41,0.82,0.41,0.41,0.46,,,,,,,,,,,,,,,,,,,,,,,,,,,,,,,,,,,,,,,,,,,,,,,,,
70,PRECISION PINS,1.00,CCARE,,To Pay,N,N,RUSTX,0.30,23.6.2024,yes,,,,,,,,0.29,,,0.22,0.18,,0.24,,,,0.18,,,,0.24,0.18,,0.18,0.24,,,0.24,,0.24,0.18,0.18,,0.12,0.12,0.12,0.12,0.12,0.12,,0.24,0.24,0.06,0.12,0.06,0.12,0.12,0.12,,,,,,,,,,,,,,,,,,,,,
71,CHIRANJEEV INDUSTRIES,0.50,NEWBIZ,,To Pay,,,RUSTX,0.3,26.2.2025,,,,,,,,,,,,,,,,,,,,,,,,0.08,,,,,,,0.32,,,,,,,,,,,,,,,,,,,,,,,,,,,,,,,,,,,,,,,,
72,ENGINEERING TECHNOLOGIES,1.00,CCARE,,Nil,N,Y,RUSTX,0.25,30.8.2025,,,,,,,0.24,,0.12,,0.12,,,,,0.10,0.10,0.10,0.10,,0.10,,0.10,,,,0.05,0.09,0.04,0.05,0.04,,,,,,,0.16,,0.21,,,,,,,,,0.05,,,,,,,,,,,,,,,,,,,,,,
73,HIND GEAR INDUSTRIES,1.00,CCARE,,To Pay,N,N,RUSTX,0.25,5.8.2025,yes,,,,,,,,,,0.11,,,0.18,,,,0.09,,,0.14,,,,0.25,,0.12,0.12,0.25,0.25,0.11,0.11,0.17,0.13,0.23,0.13,0.23,0.11,0.18,0.17,0.17,0.29,0.20,0.67,,,,,,,,,,,,,,,,,,,,,,,,,,,
74,SHRIRAM PACKAGING,0.00,CCARE,shrirampacking@gmail.com,To Pay,NO,NO,RUSTX,0.20,13.1.2025,yes,,15,,,,,0.30,0.83,,1.70,,0.31,0.88,0.69,0.44,,0.32,0.86,0.54,0.92,0.63,0.44,0.72,0.36,0.91,0.53,0.64,0.98,,1.12,0.18,0.42,0.30,0.64,0.26,0.51,0.24,0.39,0.10,,,0.34,,0.53,,0.39,0.16,0.41,,1.04,,1.49,0.54,0.08,0.57,0.81,0.55,1.62,0.76,0.59,0.71,0.39,0.67,0.98,0.47,0.49,0.81,0.45,0.61,0.11
75,SHRI PADMAVATI,0.50,CCARE,,Pay & Charge,,,RUSTX,0.20,13.12.2023,yes,,20,,,,0.56,,0.18,,,0.42,0.22,0.35,,0.18,0.30,,0.31,,0.31,,0.31,,0.40,,0.31,,,0.25,,,0.26,,,0.25,,0.20,,,,,,0.41,,,,,,0.41,,,0.41,,0.41,,,,0.38,,,,0.33,,,,,,0.33,,
76,LAXMI PUMPS PVT LTD. (MACHINE SHOP UNIT 2),4.00,CCARE,,To Pay,,,RUSTX,0.20,8.8.2025,,,,,,,,,,,,0.36,0.93,0.45,0.72,0.48,0.54,1.10,0.33,0.30,0.39,0.30,0.24,0.24,0.24,,0.48,,0.36,0.24,0.24,0.48,0.42,,0.24,0.24,0.30,,0.30,0.30,0.30,0.24,,0.30,0.24,0.33,,0.24,,0.24,,,0.24,0.24,0.24,0.33,,0.24,,0.24,0.20,,,,,,,,,,
77,KOHINOOR METALLICS,2.00,CCARE,,To Pay,n,n,RUSTX,0.20,30.3.2025,,,,,,,,,,,,,,,,,,,0.23,,0.23,,,,,0.23,0.23,,,,,0.23,,,,,,0.23,,,0.23,0.23,,,,0.06,,,,,,,,,,,,,,,,,,,,,,,,,
78,JAGADEESH IRON & STEEL PVT. LTD.,2.00,CCARE,,To Pay,N,N,DR. BIO,0.20,18.6.2025,,,,,,,,,,,,,,,,,,,,0.22,0.09,,,0.41,0.32,,0.40,0.60,,,,,,,,,,0.11,,,,,0.02,,,,,,,,,,,,,,,,,,,,,,,,,,,,
79,SHRI VYANKATESH ENGINEERING,1.00,CCARE,,Nil,N,N,RUSTX,0.20,,yes,,,,,,0.25,,0.37,,0.24,0.30,0.20,0.30,0.25,0.20,0.30,0.20,0.41,0.20,0.20,0.30,,0.25,0.25,,0.25,0.35,0.30,0.20,0.30,0.20,0.20,,0.20,0.20,,,0.25,0.25,,0.20,0.20,0.20,,0.20,,0.20,,,,,,,,,,,,,,,,,,,,,,,
85,SANMATI COMPONENTS,2.00,CCARE,,Nil,,,,,27.8.2024,,,,,,,,,0.54,,,,,,,,,,,,,,,,0.20,,,0.43,0.23,0.17,0.34,,,,,,,,,,,,,,,,,,0.32,0.90,0.66,0.72,0.59,0.53,0.89,0.74,0.67,,0.72,0.66,0.66,0.66,0.50,0.66,0.58,,1.00,1.14,0.90,,0.75
80,S S PRECITECH,0.50,CCARE,,To Pay,,,RUSTX,0.20,27.6.2025,,,,,,,,,,,,,0.19,,,0.24,,0.20,,,0.37,,,0.31,,,0.21,,,,0.21,,,0.20,,,0.20,,,0.20,,,,0.21,,0.20,,,,,0.26,,,,0.20,,,,,,0.08,,,,,0.09,,,,,
81,KIRAN INDUSTRIES,0.50,NEWBIZ,,To Pay,,,RUSTX,0.2,26.2.2025,,,,,,,,,,,,,,,,,,,,,,,,,,,,,,,0.22,,,,,,,,,,,,,,,,,,,,,,,,,,,,,,,,,,,,,,,,
82,QUALITAS EXPORT,0.50,CCARE,,To Pay,N,Y,RUSTX,0.20,30.4.2025,,,,,,,,,,,,,0.19,,,0.19,,,0.19,,,0.10,,,,,,,,,,,,,,,,,,0.19,,,0.19,,0.19,,0.19,0.19,,,0.05,,,,,,,,,,,,,,,,,,,,
83,KARTIK TRADERS,0.00,CCARE,,To Pay,NO,NO,RUSTX,0.20,,yes,,,,,,,,,,0.14,,,,0.24,,,,0.24,,,,,0.36,,0.36,,0.25,,,,0.23,,,,,0.23,,,,,,,0.35,,,,,,,,,,,0.23,,0.29,,,0.82,,0.59,0.51,0.57,0.68,1.12,0.67,1.57,0.30,,0.65
84,WIND CHISEL PVT. LTD.,0.00,NEWBIZ,,To Pay,N,N,Rustx,0.20,22.4.2025,,,,,,,,,,,,0.09,,,,,,,,,,,,,0.09,,,,,,,,,,,0.09,,,,,,,,,,,,,,,,,,,,,,,,,,,,,,,,,,,
85,PADMAVATI CASTINS & FORGINGS PVT. LTD. ,0.00,CCARE,,Nil,N,N,Rustx,0.20,13.6.2025,yes,,,20/15,,,,,1.11,,0.53,0.53,0.44,0.44,0.44,0.35,0.44,0.44,0.35,0.2,0.44,0.45,,0.35,,,,,0.35,,,,,,,,,,,,,,,,,,,,,,,,,,,,,,,,,,,,,,,,,,
86,MERASHA SHAPERS,0.50,CCARE,,To Pay,,,RUSTX,0.15,13.5.2025,,,,,,,,,,,,,,,0.14,,,,0.14,,,0.14,,,0.14,,,0.14,,,0.14,,,,0.13,,,0.13,,,0.13,,0.13,,0.14,,0.14,,0.13,,0.13,,,0.14,,0.14,,,,0.23,,,,0.12,0.12,,0.12,,,,0.17
87,SWASTIK INDUSTRIAL SALES CORPORATION ,0.00,NEWBIZ,,To Pay,N,N,RUSTX,0.15,,,,,,,,,,,,,,,,,,,,,,,,,,,,0.15,,,,0.15,,,,0.15,,,,,,,,,,,,,,,,,,,,,,,,,,,,,,,,,,,,
88,BELGAUM FERROCAST,0.00,NEWBIZ,,Nil,N,Y,RUSTX,0.15,13.2.2025,,,,,,,,,,,,,,,,,,,,,,,,,,,,,,,,,,,,,,,,,,,,,,0.15,,,,,,,,,,,,,,,,,,,,,,,,,
89,MAYURA STEEL ,2.00,CCARE,satej.ayarekar@mayurasteel.com,To Pay,NO,NO,RUSTX,0.10,15.4.2025,yes,,,10,,,,,,,,0.45,,0.41,,0.21,0.43,,,,,0.21,0.21,,,,0.41,,,,,,,0.41,,,,,,,,,,0.21,0.21,,,0.41,,0.21,0.20,,,0.21,0.21,,,,,0.41,,0.21,,,0.21,0.21,,,,0.21,
90,SOUND CASTING UNIT 4,1.00,CCARE,,Nil,n,y,RUSTX,0.10,6.6.2025,yes,,,,,,,,0.85,,0.48,,0.14,0.73,0.14,,0.46,1.11,0.35,0.05,0.62,0.49,,0.14,0.53,0.14,0.14,,,0.14,0.22,0.11,0.46,0.50,0.08,0.08,0.43,0.60,,0.14,,,0.62,,0.49,1.03,,,,,,,,,,,,,,,,,,,,,,,,,
91,MASCOT MANUFACTURING,1.00,CCARE,,To Pay,,,RUSTX,0.10,,yes,,,,,,,,,,0.06,,0.84,,,,,,0.84,,,,,,0.84,,,,,0.84,,,0.08,0.51,,,,,0.33,,,,,0.51,,,0.33,,,,,0.51,,0.33,,,0.51,0.66,,,0.76,,,0.47,,0.11,,0.23,0.23,,0.23
92,JINA SPECIAL STEEL WORKS PVT LTD.,0.50,CCARE,,To Pay,N,N,RUSTX,0.1,26.08.2024,,,,,,,,,0.07,,,0.08,,0.07,,0.06,,0.07,,0.07,,0.07,,0.07,,,0.07,0.07,,,,0.1,,,,,,,,,,,,,,,,,,,,,,,,,,,,,,,,,,,,,,,
93,J K FILES & ENGINEERING LIMITED (BHIWANDI),,NEWBIZ,,Pay & Charge,,,RUSTX,,,,,,,,,,,,,,,,,,,,,,,,,0.49,,,,,,,,,,,,,,,,,,,,,,,,,,,,,,,,,,,,,,,,,,,,,,,,
94,JADHAV INDUSTRIES,,NEWBIZ,,to pay,,,RUSTX,,20.5.2025,,,,,,,,,,,,,,,,0.19,0.18,0.22,,,0.20,,0.20,,0.20,,,,,,,,,,,,,,,,,,,,,,,,,,,,,,,,,,,,,,,,,,,,,,
95,ALKA ALLOYS,0.00,NEWBIZ,,To Pay,,,RUSTX,,,,,,,,,,,,,,,,,,0.12,,,,,,,0.12,,,,0.12,,,0.06,,,,,,,,,,,,,,,,,,,,,,,,,,,,,,,,,,,,,,,,,
96,VEERESHA CASTING,,NEWBIZ,,TO PAY,N,N,RUSTX,,20.12.2023,yes,,,,,,,,0.07,,0.14,0.12,,,,,0.24,0.12,,,,,0.06,,,0.06,,,,,,,,,,,,,,,,,,,,,,,,,,,,,,,,,,,,,,,,,,,,,
97,JK MAINI -GUJARAT,5.00,CCARE,,Pay & Charge,,,RUSTX,,,yes,,,,,,,4.1,,,8.89,1.99,2.49,2.97,2.84,1.76,3.06,1.73,1.51,3.47,1.08,8.7,,2.27,2.73,1.8,5.27,,,,,,,,,,,,,,,,,,,,,,,,,,,,,,,,,,,,,,,,,,,,
98,Menon Piston,4.00,NEWBIZ,,Nil,n,y,RUSTX,,4.2.2025,,,,,,,,,,,,,,,,,,,,,,,,,,,,,,,,,,,,,,,,,,,,,,0.11,,,,,,,,,,,,,,,,,,,,,,,,,
99,SONICK INDUSTRIES,2.00,CCARE,,To Pay,,,RUSTX,,2.4.2025,,,,,,,,,,,,,,,,,,0.41,,,,0.08,,0.07,0.05,0.45,,,0.05,0.41,,,,,,,,,,,,,,,,,,,,,,,,,,,,,,,,,,,,,,,,,
100,SUMMIT INDUSTRIES,0.50,CCARE,,To Pay,,,RUSTX,,27.07.2024,,,,,,,,,,,,,,,,0.11,,,,,,,,,,,,,,0.15,,0.15,,,,,,,,,,,,0.06,,,,,,,,,,,,,,,,,,,,,0.12,,,,,,0.12
101,FUEL INSTRUMENT,0.50,CCARE,purchase@fietest.com,Pay & Charge,NO,NO,RUSTX,,18.1.2025,,,,,,,,,,,,,,,,,0.07,,,,,,,0.08,,,,,,,,,0.08,,,,,,,,,,,,0.08,,,0.08,,,0.08,,,,0.08,,,,,,,,0.12,,,,0.06,,,,
102,JAYHIND ENGINEERING,0.00,NEWBIZ,,To Pay,,,RUSTX,,,,,,,,,,,,,,,,,,,,,,,,,,,,,,,,0.08,0.32,,,,,,,,,,,,,,,,,,,,,,,,,,,,,,,,,,,,,,,,
103,SUN RISE ENTEPRISES,0.00,CCARE,,Pay & Charge,,,RUSTX,,,,,,,,,,,,,,0.23,,,0.23,,,,,0.23,,,,,,,,0.23,,,0.23,,,,,0.23,,,0.23,,,,,,,,,,,,,0.23,0.23,,,,,,,,,,0.25,,0.31,0.14,0.14,0.12,,,
104,SUREKHA ENGINEERING WORKS,0.00,NEWBIZ,,TO PAY,N,N,Rustx,,9.1.2025,,,,,,,,,,,,,,,,,,,,,,,,,,0.23,,,,,,,,,,,,,,,,,,,,,,,,,,,,,,,,,,,,,,,,,,,,,
105,General machine tool (gmt),0.00,CCARE,"purchase@generalmachinetools.com, shekhar@generalmachinetools.com, GMT Suhas <suhas@generalmachinetools.com>, harishchandra.waichal@generalmachinetools.com",To Pay,NO,NO,RUSTX,,23.7.2024,,,,,,,,,,,,,,,,,,,,,,,,,,,,,,,,0.26,,1.69,,0.50,0.02,0.73,0.24,0.47,1.24,0.26,1.22,,1.94,,1.65,,1.32,0.43,0.65,,0.25,1.80,,0.10,2.15,,,0.24,2.22,0.79,0.84,0.82,0.71,,0.67,,1.24,0.33,1.10
106,VICTOR ENTERPRISES,0.00,NEWBIZ,,To Pay,,,RUSTX,,2.7.2025,,,,,,,,,,,,,,,,,,,,,,,,,,,,,,,,,,,,,,,,,,0.99,,,,0.12,,0.26,,,,,,,,,,,,,,,,,,,,,,,
107,PARVATI MACHINE CENTRE,0.00,CCARE,,To Pay,N,N,Rustx,,,,,,,,,,,,,,,,0.07,,,,,,,,,,,,,,,,,,,,,,,0.07,,,,,,,,,,,,,,,,,,,,,,,,,,,,,,,,,,
108,SUPRA INDUSTRIES,0.00,NEWBIZ,,Nil,N,N,Rustx,,,,,,,,,,,,,,,,,,,,,,,,,,,,,0.12,,,,,,,,,,,,,,,,,,,,,,,,,,,,,,,,,,,,,,,,,,,,
109,SAGAR SHIVAJI,0.00,NEWBIZ,,pay & charge,,,KIF,,,,,,,,,,,,,,,,,,,,,,,,,,,0.30,,,,,,,,,,,,,,,,,,,,,,,,,,,,,,,,,,,,,,,,,,,,,,
110,AJIT INDUSTRIES,0.00,CCARE,,Nil,,,RUSTX,,,yes,,,,,,0.51,,0.47,,0.47,0.39,0.39,0.39,0.79,0.39,0.39,0.67,0.20,0.39,0.40,,,,,,,,,,,,,,,,,,,,,,,,,,,,,,,,,,,,,,,,,,,,,,,,,,
111,MARVELOUS VIMERCATI,0.00,NEWBIZ,,pay & charge,,,RUSTX,,31.7.2025,,,,,,,,,0.25,,,,,,,,,,0.05,0.05,,,,,,,,,,,,,,,,,,,,,,,,,,,,,,,,,,,,,,,,,,,,,,,,,,,
112,HARI OM INDUSTRIES,0.00,CCARE,,Nil,,,RUSTX,,,yes,,,,,,0.50,,0.49,,0.49,0.41,0.41,0.41,0.41,0.41,0.41,0.41,,0.82,,,,,,,,,,,,,,,,,,,,,,,,,,,,,,,,,,,,,,,,,,,,,,,,,,,
113,BEZEL METACAST PVT. LTD.,0.00,NEWBIZ,,to pay,,,RUSTX,,,,,,,,,,,,,,,,,,,,,0.11,,,,,,,,,,,,,,,,,,,,,,,,,,,,,,,,,,,,,,,,,,,,,,,,,,,,
114,PINNACLE PRECISION TECHNOLOGIES,0.00,NEWBIZ,,pay & charge,,,RUSTX,,,,,,,,,,,0.25,,,,,,0.21,0.11,,0.11,,,,,,,,,,,,,,,,,,,,,,,,,,,,,,,,,,,,,,,,,,,,,,,,,,,,,
115,EXCELLENCE PACKAGING,0.00,NEWBIZ,,Nil,,,RUSTX,,,,,,,,,,,,,,,,,,,1.62,,,,,,,,,,,,,,,,,,,,,,,,,,,,,,,,,,,,,,,,,,,,,,,,,,,,,,
116,SHREE SHANTINATH ENTERPRISES,0.00,NEWBIZ,,to pay,,,RUSTX,,,,,,,,,,,,,,,,,,,0.15,,,,,,,,,,,,,,,,,,,,,,,,,,,,,,,,,,,,,,,,,,,,,,,,,,,,,,
117,BUDHALE & SONS PVT. LTD.,0.00,CCARE,,pay & charge,,,RUSTX,,,,,,,,,,,0.95,,0.48,,0.79,0.40,0.79,0.79,0.79,,,,,,,,,,,,,,,,,,,,,,,,,,,,,,,,,,,,,,,,,,,,,,,,,,,,,,
118,MAHABAL METALS (SANAND),0.00,CCARE,,pay & charge,,,RUSTX,,,yes,,,,,,,,1.65,,,2.87,0.84,0.84,1.10,,1.10,,,,,,,,,,,,,,,,,,,,,,,,,,,,,,,,,,,,,,,,,,,,,,,,,,,,,,
119,HEMDEEP ENTERPRISES,0.00,NEWBIZ,,to pay,,,,,,yes,,,,,,0.58,,,,0.22,,0.12,0.06,0.06,,,,,,,,,,,,,,,,,,,,,,,,,,,,,,,,,,,,,,,,,,,,,,,,,,,,,,,,
120,MANTRI AUTO COMPONENTS PVT. LTD.,0.00,NEWBIZ,,pay & charge,,,,,,yes,,,20,,,,,0.63,,,1.67,0.49,0.38,,,,,,,,,,,,,,,,,,,,,,,,,,,,,,,,,,,,,,,,,,,,,,,,,,,,,,,,,
121,SAPRE AUTOCAST PVT. LTD.,0.00,NEWBIZ,,Nil,,,,,,yes,,22,20,,15,,0.33,2.28,,1.36,1.61,1.44,,,,,,,,,,,,,,,,,,,,,,,,,,,,,,,,,,,,,,,,,,,,,,,,,,,,,,,,,,
122,UNIQUE AUTO ASSEMBLY ,0.00,NEWBIZ,,to pay,,,,,,,,,,,,,,,,,0.13,,,,,,,,,,,,,,,,,,,,,,,,,,,,,,,,,,,,,,,,,,,,,,,,,,,,,,,,,,,
123,HEMDEEP ENTERPRISES UNIT-I,0.00,NEWBIZ,,to pay,,,,,,,,,,,,0.50,,,,0.46,,,,,,,,,,,,,,,,,,,,,,,,,,,,,,,,,,,,,,,,,,,,,,,,,,,,,,,,,,,,
124,ICONIC CASTINGS PVT. LTD.,0.00,NEWBIZ,,pay & charge,,,,,,,,,,,,,,0.93,,0.93,,,,,,,,,,,,,,,,,,,,,,,,,,,,,,,,,,,,,,,,,,,,,,,,,,,,,,,,,,,,
125,YASHASHREE ENTERPRISES,,NEWBIZ,,,,,,,,,,,,,,,,0.08,,,,,,,,,,,,,,,,,,,,,,,,,,,,,,,,,,,,,,,,,,,,,,,,,,,,,,,,,,,,,,
